1	1643983120720	-0.064	9.971	0.003	noname
2	1643983120721	-0.06	9.974	-0.021	noname
3	1643983120722	-0.084	9.979	-0.019	noname
4	1643983120723	-0.074	9.983	-0.05	noname
5	1643983120726	-0.086	9.96	-0.024	noname
6	1643983120731	-0.088	9.962	-0.043	noname
7	1643983120739	-0.088	9.964	-0.031	noname
8	1643983120742	-0.076	9.983	-0.012	noname
9	1643983120745	-0.057	9.962	0.003	noname
10	1643983120750	-0.05	9.945	0.022	noname
11	1643983120756	-0.053	9.967	0.003	noname
12	1643983120759	-0.009	9.95	0.027	noname
13	1643983120763	0.005	9.969	0.005	noname
14	1643983120770	0.034	9.964	0.043	noname
15	1643983120773	0.034	9.938	0.053	noname
16	1643983120777	0.029	9.948	0.07	noname
17	1643983120783	0.046	9.94	0.079	noname
18	1643983120788	0.053	9.957	0.094	noname
19	1643983120793	0.046	9.916	0.12	noname
20	1643983120797	0.043	9.955	0.11	noname
21	1643983120809	0.041	9.948	0.113	noname
22	1643983120810	0.043	9.945	0.113	noname
23	1643983120812	0.036	9.952	0.091	noname
24	1643983120817	0.055	9.955	0.075	noname
25	1643983120827	0.014	9.981	0.07	noname
26	1643983120831	0.026	9.96	0.041	noname
27	1643983120832	0.007	9.964	0.015	noname
28	1643983120834	-0.031	9.962	0.015	noname
29	1643983120839	-0.017	9.95	-0.007	noname
30	1643983120844	-0.026	9.967	0	noname
31	1643983120850	-0.033	9.957	0.003	noname
32	1643983120854	0.012	9.967	-0.014	noname
33	1643983120858	-0.005	9.962	-0.021	noname
34	1643983120863	0.022	9.964	-0.04	noname
35	1643983120868	0.005	9.981	-0.036	noname
36	1643983120874	0.031	9.952	-0.04	noname
37	1643983120878	-0.009	9.952	0.005	noname
38	1643983120882	0.012	9.957	0.017	noname
39	1643983120887	0.043	9.962	0.034	noname
40	1643983120893	0.019	9.962	0.063	noname
41	1643983120899	0.055	9.936	0.089	noname
42	1643983120903	0.065	9.945	0.079	noname
43	1643983120907	0.062	9.96	0.079	noname
44	1643983120912	0.084	9.976	0.101	noname
45	1643983120918	0.07	9.952	0.063	noname
46	1643983120922	0.05	9.948	0.067	noname
47	1643983120927	0.022	9.962	0.082	noname
48	1643983120932	0.048	9.952	0.084	noname
49	1643983120936	0.058	9.969	0.094	noname
50	1643983120942	0.058	9.955	0.075	noname
51	1643983120946	0.046	9.962	0.087	noname
52	1643983120950	0.024	9.962	0.091	noname
53	1643983120955	0.019	9.971	0.089	noname
54	1643983120960	0.007	9.95	0.091	noname
55	1643983120964	0.01	9.967	0.103	noname
56	1643983120970	-0.005	9.974	0.103	noname
57	1643983120974	-0.019	9.945	0.063	noname
58	1643983120981	-0.021	9.95	0.029	noname
59	1643983120984	-0.019	9.957	-0.012	noname
60	1643983120988	-0.036	9.96	-0.019	noname
61	1643983120993	-0.026	9.964	-0.047	noname
62	1643983120998	-0.033	9.957	-0.036	noname
63	1643983121003	-0.05	9.962	-0.057	noname
64	1643983121008	-0.069	9.952	-0.031	noname
65	1643983121013	-0.048	9.986	0.027	noname
66	1643983121017	-0.081	9.952	0.036	noname
67	1643983121021	-0.093	9.948	0.048	noname
68	1643983121026	-0.091	9.967	0.027	noname
69	1643983121032	-0.072	9.971	0.024	noname
70	1643983121036	-0.062	9.957	0.008	noname
71	1643983121041	-0.086	9.971	0.008	noname
72	1643983121045	-0.093	9.95	0.067	noname
73	1643983121050	-0.086	9.952	0.122	noname
74	1643983121055	-0.093	9.938	0.134	noname
75	1643983121060	-0.124	9.936	0.168	noname
76	1643983121064	-0.112	9.94	0.158	noname
77	1643983121070	-0.093	9.931	0.134	noname
78	1643983121073	-0.117	9.936	0.134	noname
79	1643983121078	-0.086	9.96	0.101	noname
80	1643983121082	-0.076	9.964	0.043	noname
81	1643983121089	-0.055	9.938	0.039	noname
82	1643983121093	-0.084	9.964	0	noname
83	1643983121097	-0.074	9.979	0.003	noname
84	1643983121102	-0.021	9.945	-0.028	noname
85	1643983121108	-0.017	9.948	-0.026	noname
86	1643983121112	-0.007	9.979	-0.019	noname
87	1643983121117	-0.033	9.971	-0.021	noname
88	1643983121122	-0.029	9.952	-0.043	noname
89	1643983121127	-0.036	9.96	-0.043	noname
90	1643983121131	-0.021	9.96	-0.036	noname
91	1643983121136	-0.029	9.96	-0.014	noname
92	1643983121141	-0.036	9.964	-0.026	noname
93	1643983121145	-0.048	9.957	-0.004	noname
94	1643983121150	-0.036	9.96	0.012	noname
95	1643983121154	-0.043	9.96	0.043	noname
96	1643983121159	-0.062	9.967	0.067	noname
97	1643983121164	-0.074	9.96	0.075	noname
98	1643983121169	-0.088	9.933	0.089	noname
99	1643983121174	-0.081	9.962	0.094	noname
100	1643983121178	-0.079	9.971	0.098	noname
101	1643983121183	-0.091	9.962	0.096	noname
102	1643983121188	-0.076	9.957	0.101	noname
103	1643983121193	-0.076	9.964	0.096	noname
104	1643983121197	-0.062	9.971	0.108	noname
105	1643983121202	-0.067	9.981	0.098	noname
106	1643983121207	-0.091	9.969	0.089	noname
107	1643983121211	-0.067	9.96	0.106	noname
108	1643983121216	-0.069	9.976	0.063	noname
109	1643983121222	-0.055	9.957	0.051	noname
110	1643983121226	-0.069	9.964	0.041	noname
111	1643983121231	-0.062	9.967	0	noname
112	1643983121236	-0.038	9.945	-0.028	noname
113	1643983121241	-0.038	9.964	-0.05	noname
114	1643983121245	-0.031	9.967	-0.067	noname
115	1643983121249	-0.036	9.971	-0.067	noname
116	1643983121253	-0.038	9.971	-0.074	noname
117	1643983121258	-0.014	9.971	-0.045	noname
118	1643983121263	-0.002	9.969	-0.036	noname
119	1643983121268	-0.007	9.967	-0.047	noname
120	1643983121272	-0.021	9.948	-0.007	noname
121	1643983121277	-0.002	9.955	0.003	noname
122	1643983121285	0.014	9.964	0	noname
123	1643983121286	-0.019	9.964	0.012	noname
124	1643983121293	0.034	9.974	0.027	noname
125	1643983121296	0.034	9.96	0.01	noname
126	1643983121302	0.048	9.943	0.041	noname
127	1643983121306	0.014	9.979	0.067	noname
128	1643983121314	0.024	9.96	0.077	noname
129	1643983121315	0.007	9.974	0.108	noname
130	1643983121322	0.034	9.96	0.122	noname
131	1643983121325	0.041	9.948	0.139	noname
132	1643983121329	0.05	9.945	0.13	noname
133	1643983121335	0.048	9.938	0.127	noname
134	1643983121339	0.029	9.964	0.087	noname
135	1643983121344	0.038	9.962	0.082	noname
136	1643983121349	0.036	9.943	0.091	noname
137	1643983121353	0.043	9.931	0.118	noname
138	1643983121358	0.022	9.955	0.098	noname
139	1643983121363	0.024	9.95	0.096	noname
140	1643983121367	0.034	9.94	0.089	noname
141	1643983121372	0.038	9.933	0.055	noname
142	1643983121377	0.084	9.957	0.015	noname
143	1643983121382	0.077	9.967	-0.04	noname
144	1643983121387	0.062	9.95	-0.028	noname
145	1643983121392	0.041	9.938	-0.004	noname
146	1643983121396	0.05	9.962	-0.05	noname
147	1643983121401	0.065	9.967	-0.028	noname
148	1643983121405	0.041	9.974	-0.05	noname
149	1643983121411	0.046	9.957	-0.047	noname
150	1643983121415	0.05	9.964	-0.052	noname
151	1643983121420	0.062	9.969	-0.028	noname
152	1643983121424	0.048	9.948	-0.021	noname
153	1643983121429	0.014	9.967	-0.004	noname
154	1643983121434	0.026	9.962	0.029	noname
155	1643983121439	-0.009	9.95	0.067	noname
156	1643983121444	-0.002	9.967	0.055	noname
157	1643983121449	-0.014	9.955	0.079	noname
158	1643983121453	-0.002	9.971	0.082	noname
159	1643983121458	0.007	9.957	0.089	noname
160	1643983121463	-0.012	9.964	0.091	noname
161	1643983121467	0.005	9.967	0.108	noname
162	1643983121471	-0.002	9.976	0.106	noname
163	1643983121475	-0.007	9.983	0.091	noname
164	1643983121480	0	9.95	0.077	noname
165	1643983121484	0.005	9.962	0.089	noname
166	1643983121489	0.005	9.955	0.053	noname
167	1643983121494	0.031	9.964	0.041	noname
168	1643983121499	0.007	9.976	0.063	noname
169	1643983121503	0.029	9.943	0.048	noname
170	1643983121507	0.026	9.95	0.041	noname
171	1643983121513	0.019	9.964	0.024	noname
172	1643983121516	0.012	9.976	0.015	noname
173	1643983121521	-0.005	9.952	0.02	noname
174	1643983121526	-0.026	9.95	0.01	noname
175	1643983121530	-0.012	9.957	0.01	noname
176	1643983121537	-0.012	9.969	-0.004	noname
177	1643983121542	-0.017	9.974	0.008	noname
178	1643983121546	0.017	9.993	-0.021	noname
179	1643983121552	-0.005	9.993	0.012	noname
180	1643983121556	-0.012	9.974	-0.004	noname
181	1643983121561	-0.045	9.952	0.01	noname
182	1643983121565	-0.074	9.957	0.024	noname
183	1643983121571	-0.079	9.962	0.065	noname
184	1643983121576	-0.06	9.964	0.089	noname
185	1643983121580	-0.038	9.938	0.113	noname
186	1643983121585	-0.029	9.924	0.134	noname
187	1643983121590	-0.055	9.957	0.134	noname
188	1643983121596	-0.057	9.945	0.158	noname
189	1643983121601	-0.043	9.957	0.106	noname
190	1643983121604	-0.057	9.955	0.087	noname
191	1643983121608	-0.029	9.948	0.039	noname
192	1643983121614	-0.043	9.962	0.022	noname
193	1643983121619	-0.024	9.967	0.01	noname
194	1643983121624	-0.021	9.96	-0.016	noname
195	1643983121628	-0.005	9.983	0	noname
196	1643983121633	-0.05	9.945	0	noname
197	1643983121637	-0.029	9.967	-0.004	noname
198	1643983121642	-0.029	9.952	-0.026	noname
199	1643983121647	-0.036	9.969	-0.038	noname
200	1643983121652	-0.05	9.962	-0.059	noname
201	1643983121656	-0.038	9.964	-0.093	noname
202	1643983121661	-0.033	9.967	-0.098	noname
203	1643983121665	-0.098	9.967	-0.079	noname
204	1643983121672	-0.072	9.969	-0.079	noname
205	1643983121675	-0.057	9.981	-0.076	noname
206	1643983121681	-0.057	9.983	-0.057	noname
207	1643983121684	-0.074	9.974	-0.007	noname
208	1643983121690	-0.062	9.962	0.027	noname
209	1643983121694	-0.079	9.952	0.075	noname
210	1643983121699	-0.086	9.96	0.118	noname
211	1643983121703	-0.086	9.967	0.146	noname
212	1643983121709	-0.057	9.945	0.175	noname
213	1643983121713	-0.041	9.94	0.187	noname
214	1643983121719	-0.053	9.964	0.173	noname
215	1643983121723	-0.067	9.964	0.13	noname
216	1643983121727	-0.026	9.945	0.13	noname
217	1643983121732	0.003	9.967	0.106	noname
218	1643983121737	-0.021	9.943	0.084	noname
219	1643983121743	-0.048	9.96	0.055	noname
220	1643983121746	-0.045	9.983	0.053	noname
221	1643983121752	-0.076	9.976	0.027	noname
222	1643983121756	-0.076	9.976	0.036	noname
223	1643983121760	-0.062	9.971	0.015	noname
224	1643983121766	-0.084	9.964	-0.007	noname
225	1643983121770	-0.076	9.983	-0.024	noname
226	1643983121775	-0.079	9.969	-0.05	noname
227	1643983121779	-0.079	9.971	-0.059	noname
228	1643983121784	-0.084	9.976	-0.091	noname
229	1643983121790	-0.115	9.969	-0.112	noname
230	1643983121794	-0.11	9.952	-0.105	noname
231	1643983121799	-0.127	9.976	-0.088	noname
232	1643983121803	-0.122	9.933	-0.045	noname
233	1643983121808	-0.11	9.94	-0.009	noname
234	1643983121813	-0.131	9.967	0	noname
235	1643983121818	-0.1	9.95	0.022	noname
236	1643983121823	-0.067	9.962	0.015	noname
237	1643983121828	-0.057	9.952	0.043	noname
238	1643983121833	-0.041	9.936	0.06	noname
239	1643983121837	-0.038	9.948	0.075	noname
240	1643983121841	-0.012	9.952	0.051	noname
241	1643983121846	0.017	9.976	0.046	noname
242	1643983121851	0.026	9.974	0.075	noname
243	1643983121855	0.029	9.967	0.024	noname
244	1643983121860	-0.038	9.962	-0.004	noname
245	1643983121864	0.014	9.998	0.12	noname
246	1643983121869	-0.021	9.969	0.142	noname
247	1643983121874	-0.012	9.96	0.158	noname
248	1643983121879	0.017	9.976	0.142	noname
249	1643983121884	0.019	9.971	0.125	noname
250	1643983121889	0.005	9.967	0.125	noname
251	1643983121893	-0.043	9.955	0.079	noname
252	1643983121898	-0.024	9.943	0.091	noname
253	1643983121902	0	9.957	0.046	noname
254	1643983121908	-0.014	9.952	0.036	noname
255	1643983121913	0.022	9.952	0.027	noname
256	1643983121917	0.029	9.96	0.003	noname
257	1643983121922	0.019	9.974	-0.014	noname
258	1643983121927	0.007	9.971	-0.043	noname
259	1643983121932	-0.021	9.962	-0.062	noname
260	1643983121936	-0.021	9.964	-0.071	noname
261	1643983121941	-0.026	9.94	-0.091	noname
262	1643983121946	-0.009	9.962	-0.088	noname
263	1643983121950	0.005	9.988	-0.059	noname
264	1643983121955	0.01	9.976	-0.067	noname
265	1643983121960	0.024	9.962	-0.045	noname
266	1643983121964	0.019	9.955	0.008	noname
267	1643983121969	0.017	9.969	0.003	noname
268	1643983121974	0.029	9.955	0.036	noname
269	1643983121982	0.019	9.931	0.079	noname
270	1643983121983	0.024	9.974	0.077	noname
271	1643983121987	0.024	9.964	0.07	noname
272	1643983121992	0.058	9.952	0.084	noname
273	1643983121997	0.072	9.96	0.082	noname
274	1643983122003	0.091	9.971	0.118	noname
275	1643983122007	0.07	9.971	0.149	noname
276	1643983122013	0.081	9.95	0.173	noname
277	1643983122016	0.055	9.948	0.177	noname
278	1643983122021	0.046	9.94	0.199	noname
279	1643983122025	0.041	9.924	0.173	noname
280	1643983122032	0.036	9.955	0.168	noname
281	1643983122035	0.01	9.957	0.118	noname
282	1643983122040	0.017	9.981	0.106	noname
283	1643983122044	0.01	9.971	0.058	noname
284	1643983122050	0.003	9.967	0.051	noname
285	1643983122053	0.014	9.962	0.022	noname
286	1643983122057	-0.014	9.964	0.01	noname
287	1643983122061	-0.024	9.945	-0.045	noname
288	1643983122067	-0.002	9.974	-0.064	noname
289	1643983122071	-0.041	9.962	-0.062	noname
290	1643983122076	-0.033	9.962	-0.059	noname
291	1643983122080	-0.053	9.974	-0.079	noname
292	1643983122085	-0.05	9.967	-0.074	noname
293	1643983122090	-0.352	9.991	-0.835	noname
294	1643983122095	-0.971	10.594	-2.378	noname
295	1643983122100	0.029	9.536	1.065	noname
296	1643983122104	-0.373	10.07	-0.263	noname
297	1643983122109	-0.344	10.053	-0.198	noname
298	1643983122113	-0.431	9.711	0.206	noname
299	1643983122118	-0.416	10.098	0.218	noname
300	1643983122122	-0.514	9.881	0.694	noname
301	1643983122127	-0.553	9.759	0.445	noname
302	1643983122131	-0.21	9.794	0.594	noname
303	1643983122136	0.05	9.902	0.611	noname
304	1643983122141	-0.067	9.948	0.429	noname
305	1643983122146	0.199	9.971	0.254	noname
306	1643983122150	0.271	9.967	0.177	noname
307	1643983122156	0.098	10.031	0.137	noname
308	1643983122160	0.287	10.05	0.288	noname
309	1643983122165	0.081	9.967	0.206	noname
310	1643983122170	0.16	9.971	0.175	noname
311	1643983122175	-0.151	9.95	0.228	noname
312	1643983122179	-0.108	9.979	0.278	noname
313	1643983122184	-0.182	9.962	0.127	noname
314	1643983122189	-0.196	9.916	0.053	noname
315	1643983122194	-0.191	9.912	0.094	noname
316	1643983122198	-0.182	9.955	-0.103	noname
317	1643983122203	-0.122	9.993	-0.229	noname
318	1643983122208	-0.11	9.986	-0.299	noname
319	1643983122213	-0.167	9.95	-0.325	noname
320	1643983122218	-0.182	9.988	-0.385	noname
321	1643983122223	-0.184	9.988	-0.382	noname
322	1643983122228	-0.242	9.981	-0.373	noname
323	1643983122232	-0.297	9.967	-0.361	noname
324	1643983122237	-0.289	9.974	-0.339	noname
325	1643983122241	-0.254	9.986	-0.32	noname
326	1643983122246	-0.251	9.979	-0.282	noname
327	1643983122251	-0.237	9.983	-0.227	noname
328	1643983122256	-0.234	9.991	-0.158	noname
329	1643983122262	-0.198	9.96	-0.136	noname
330	1643983122266	-0.215	9.96	-0.062	noname
331	1643983122271	-0.201	9.976	0.017	noname
332	1643983122276	-0.191	9.94	0.079	noname
333	1643983122282	-0.175	9.914	0.154	noname
334	1643983122285	-0.151	9.964	0.221	noname
335	1643983122291	-0.129	9.962	0.29	noname
336	1643983122294	-0.084	9.943	0.34	noname
337	1643983122301	-0.081	9.957	0.35	noname
338	1643983122304	-0.112	9.943	0.386	noname
339	1643983122312	-0.074	9.95	0.352	noname
340	1643983122316	-0.067	9.955	0.316	noname
341	1643983122319	-0.041	9.95	0.297	noname
342	1643983122323	-0.031	9.943	0.261	noname
343	1643983122328	-0.014	9.957	0.244	noname
344	1643983122333	-0.021	9.94	0.211	noname
345	1643983122338	-0.053	9.948	0.165	noname
346	1643983122343	-0.057	9.962	0.142	noname
347	1643983122347	-0.081	9.962	0.082	noname
348	1643983122352	-0.091	9.96	0.055	noname
349	1643983122357	-0.081	9.96	0	noname
350	1643983122361	-0.117	9.938	0	noname
351	1643983122366	-0.115	9.955	-0.055	noname
352	1643983122371	-0.088	9.967	-0.112	noname
353	1643983122375	-0.105	9.948	-0.093	noname
354	1643983122382	-0.1	9.964	-0.11	noname
355	1643983122385	-0.098	9.983	-0.134	noname
356	1643983122391	-0.12	9.971	-0.155	noname
357	1643983122395	-0.086	9.986	-0.131	noname
358	1643983122399	-0.076	9.981	-0.134	noname
359	1643983122404	-0.084	9.979	-0.131	noname
360	1643983122409	-0.055	9.986	-0.122	noname
361	1643983122414	-0.06	9.995	-0.088	noname
362	1643983122418	-0.064	9.971	-0.093	noname
363	1643983122423	-0.033	9.94	-0.038	noname
364	1643983122429	-0.043	9.95	0.003	noname
365	1643983122433	-0.048	9.948	0.063	noname
366	1643983122437	-0.053	9.952	0.144	noname
367	1643983122442	-0.017	9.967	0.187	noname
368	1643983122447	-0.043	9.936	0.211	noname
369	1643983122452	-0.012	9.971	0.175	noname
370	1643983122456	0.01	9.967	0.142	noname
371	1643983122461	0.012	9.988	0.137	noname
372	1643983122465	-0.019	9.976	0.091	noname
373	1643983122471	0.01	10.005	0.132	noname
374	1643983122476	0.019	9.988	0.113	noname
375	1643983122481	0.034	9.957	0.11	noname
376	1643983122485	0.022	9.967	0.12	noname
377	1643983122489	0.038	9.938	0.173	noname
378	1643983122495	0.058	9.931	0.185	noname
379	1643983122500	0.055	9.914	0.173	noname
380	1643983122504	0.055	9.909	0.168	noname
381	1643983122511	0.048	9.912	0.146	noname
382	1643983122513	0.014	9.945	0.151	noname
383	1643983122519	0.01	9.936	0.158	noname
384	1643983122523	0.065	9.952	0.103	noname
385	1643983122527	0.053	9.957	0.034	noname
386	1643983122534	0.067	9.971	-0.047	noname
387	1643983122537	0.074	9.986	-0.1	noname
388	1643983122542	0.038	9.969	-0.141	noname
389	1643983122547	-0.017	9.995	-0.136	noname
390	1643983122552	-0.072	9.995	-0.122	noname
391	1643983122556	-0.081	9.991	-0.103	noname
392	1643983122561	-0.117	9.971	-0.076	noname
393	1643983122565	-0.131	9.962	-0.052	noname
394	1643983122571	-0.112	9.962	-0.028	noname
395	1643983122575	-0.076	9.955	-0.002	noname
396	1643983122580	-0.036	9.962	0.015	noname
397	1643983122586	-0.002	9.971	0.031	noname
398	1643983122589	0.007	9.948	0.024	noname
399	1643983122594	0.036	9.948	0.02	noname
400	1643983122599	0.065	9.936	0.036	noname
401	1643983122604	0.019	9.962	-0.021	noname
402	1643983122608	0.026	9.962	-0.004	noname
403	1643983122613	0.053	9.926	0.041	noname
404	1643983122618	0.072	9.945	0.067	noname
405	1643983122623	0.144	9.94	0.058	noname
406	1643983122627	0.158	9.964	0.079	noname
407	1643983122632	0.165	9.948	0.115	noname
408	1643983122637	0.146	9.952	0.096	noname
409	1643983122642	0.144	9.95	0.096	noname
410	1643983122646	0.11	9.962	0.024	noname
411	1643983122651	0.125	9.955	0.024	noname
412	1643983122655	0.12	9.952	0.022	noname
413	1643983122661	0.163	9.964	0.031	noname
414	1643983122665	0.16	9.974	0.034	noname
415	1643983122670	0.151	9.971	0.043	noname
416	1643983122675	0.134	9.969	0.094	noname
417	1643983122680	0.129	9.933	0.113	noname
418	1643983122685	0.093	9.96	0.122	noname
419	1643983122689	0.091	9.957	0.132	noname
420	1643983122694	0.081	9.957	0.139	noname
421	1643983122698	0.07	9.952	0.091	noname
422	1643983122704	0.07	9.95	0.077	noname
423	1643983122708	0.041	9.948	0.065	noname
424	1643983122713	0.06	9.962	0.005	noname
425	1643983122718	0.086	9.971	-0.016	noname
426	1643983122722	0.093	9.974	-0.038	noname
427	1643983122727	0.105	9.967	-0.105	noname
428	1643983122732	0.093	9.983	-0.136	noname
429	1643983122736	0.058	9.988	-0.079	noname
430	1643983122741	0.081	9.971	-0.091	noname
431	1643983122746	0.06	9.971	-0.091	noname
432	1643983122751	0.043	9.952	-0.064	noname
433	1643983122755	0.05	9.938	-0.033	noname
434	1643983122759	0.048	9.943	-0.019	noname
435	1643983122765	0.067	9.945	0.01	noname
436	1643983122770	0.074	9.94	0.031	noname
437	1643983122774	0.113	9.931	0.041	noname
438	1643983122779	0.091	9.971	0.031	noname
439	1643983122783	0.077	9.969	0.046	noname
440	1643983122788	0.055	9.971	0.075	noname
441	1643983122793	0.024	9.96	0.103	noname
442	1643983122798	-0.005	9.974	0.146	noname
443	1643983122802	-0.014	9.964	0.185	noname
444	1643983122807	-0.038	9.955	0.223	noname
445	1643983122812	-0.031	9.957	0.228	noname
446	1643983122817	-0.019	9.948	0.204	noname
447	1643983122822	-0.012	9.938	0.165	noname
448	1643983122826	-0.007	9.96	0.134	noname
449	1643983122832	-0.009	9.96	0.098	noname
450	1643983122835	-0.017	9.971	0.091	noname
451	1643983122840	-0.048	9.96	0.11	noname
452	1643983122845	-0.081	9.967	0.115	noname
453	1643983122851	-0.093	9.957	0.101	noname
454	1643983122854	-0.103	9.926	0.084	noname
455	1643983122859	-0.11	9.96	0.008	noname
456	1643983122863	-0.091	9.979	-0.026	noname
457	1643983122867	-0.103	9.969	-0.079	noname
458	1643983122872	-0.081	9.986	-0.1	noname
459	1643983122878	-0.098	9.971	-0.138	noname
460	1643983122883	-0.131	9.976	-0.148	noname
461	1643983122887	-0.148	9.967	-0.158	noname
462	1643983122892	-0.131	9.96	-0.162	noname
463	1643983122896	-0.105	9.971	-0.15	noname
464	1643983122903	-0.067	9.976	-0.124	noname
465	1643983122907	-0.033	9.957	-0.112	noname
466	1643983122912	-0.057	9.948	-0.064	noname
467	1643983122916	-0.033	9.931	-0.026	noname
468	1643983122921	-0.041	9.96	0.01	noname
469	1643983122926	-0.036	9.924	0.079	noname
470	1643983122930	-0.014	9.933	0.06	noname
471	1643983122935	-0.024	9.938	0.103	noname
472	1643983122940	-0.007	9.962	0.103	noname
473	1643983122944	0.012	9.957	0.125	noname
474	1643983122950	0.034	9.945	0.132	noname
475	1643983122954	0.029	9.967	0.134	noname
476	1643983122959	0.012	9.967	0.165	noname
477	1643983122964	-0.014	9.957	0.192	noname
478	1643983122969	-0.033	9.955	0.211	noname
479	1643983122973	-0.057	9.971	0.201	noname
480	1643983122978	-0.076	9.948	0.173	noname
481	1643983122983	-0.079	9.969	0.151	noname
482	1643983122986	-0.064	9.957	0.115	noname
483	1643983122991	-0.076	9.962	0.012	noname
484	1643983122997	-0.072	9.983	-0.012	noname
485	1643983123001	-0.069	9.976	-0.067	noname
486	1643983123006	-0.081	9.971	-0.091	noname
487	1643983123011	-0.11	9.974	-0.088	noname
488	1643983123016	-0.115	9.964	-0.098	noname
489	1643983123021	-0.141	9.983	-0.059	noname
490	1643983123025	-0.172	9.964	-0.071	noname
491	1643983123030	-0.17	9.94	-0.088	noname
492	1643983123034	-0.175	9.957	-0.088	noname
493	1643983123039	-0.167	9.969	-0.119	noname
494	1643983123044	-0.175	9.962	-0.114	noname
495	1643983123049	-0.189	9.95	-0.083	noname
496	1643983123054	-0.187	9.962	-0.086	noname
497	1643983123058	-0.182	9.971	-0.057	noname
498	1643983123063	-0.184	9.943	-0.024	noname
499	1643983123068	-0.187	9.94	0.02	noname
500	1643983123073	-0.167	9.962	0.02	noname
501	1643983123077	-0.165	9.962	0.024	noname
502	1643983123082	-0.127	9.969	0.024	noname
503	1643983123087	-0.112	9.938	0.043	noname
504	1643983123092	-0.112	9.957	0.031	noname
505	1643983123096	-0.165	9.974	0.082	noname
506	1643983123101	-0.141	9.976	0.06	noname
507	1643983123105	-0.155	9.969	0.087	noname
508	1643983123112	-0.158	9.964	0.072	noname
509	1643983123116	-0.148	9.988	0.108	noname
510	1643983123118	-0.131	9.986	0.118	noname
511	1643983123125	-0.134	9.974	0.077	noname
512	1643983123129	-0.117	9.945	0.113	noname
513	1643983123133	-0.103	9.967	0.077	noname
514	1643983123139	-0.129	9.974	0.06	noname
515	1643983123142	-0.117	9.952	0.043	noname
516	1643983123148	-0.124	9.962	0.051	noname
517	1643983123152	-0.117	10.067	-0.229	noname
518	1643983123157	-0.203	9.993	-0.215	noname
519	1643983123163	-0.196	10.096	-0.471	noname
520	1643983123167	-0.285	9.976	-0.282	noname
521	1643983123172	-0.22	9.967	-0.184	noname
522	1643983123176	-0.273	9.969	-0.17	noname
523	1643983123178	-0.316	9.976	-0.076	noname
524	1643983123183	-0.356	9.95	0.005	noname
525	1643983123188	-0.342	9.912	0.108	noname
526	1643983123193	-0.318	9.883	0.113	noname
527	1643983123199	-0.261	9.895	0.151	noname
528	1643983123204	-0.134	9.928	0.199	noname
529	1643983123207	-0.076	9.914	0.216	noname
530	1643983123211	-0.012	9.921	0.237	noname
531	1643983123216	0.036	9.897	0.299	noname
532	1643983123221	0.077	9.931	0.386	noname
533	1643983123226	0.141	9.916	0.491	noname
534	1643983123231	0.196	9.876	0.57	noname
535	1643983123235	0.225	9.897	0.575	noname
536	1643983123240	0.177	9.912	0.534	noname
537	1643983123244	-0.158	10.003	0.075	noname
538	1643983123249	0.287	9.948	0.505	noname
539	1643983123254	-0.045	10.027	0.055	noname
540	1643983123259	0.074	10.07	-0.091	noname
541	1643983123263	0.01	9.974	-0.086	noname
542	1643983123268	0.065	10.098	-0.268	noname
543	1643983123274	-0.05	10.015	-0.186	noname
544	1643983123280	-0.139	10.005	-0.244	noname
545	1643983123284	-0.201	9.94	-0.153	noname
546	1643983123289	-0.213	9.967	-0.181	noname
547	1643983123293	-0.268	9.957	-0.239	noname
548	1643983123299	-0.206	9.952	-0.265	noname
549	1643983123303	-0.198	9.933	-0.296	noname
550	1643983123307	-0.194	9.938	-0.339	noname
551	1643983123313	-0.17	9.952	-0.363	noname
552	1643983123319	-0.191	9.952	-0.356	noname
553	1643983123323	-0.172	9.974	-0.323	noname
554	1643983123329	-0.225	9.969	-0.292	noname
555	1643983123333	-0.194	9.952	-0.184	noname
556	1643983123337	-0.268	9.983	-0.148	noname
557	1643983123342	-0.256	9.95	-0.043	noname
558	1643983123347	-0.222	9.981	0.046	noname
559	1643983123353	-0.196	9.943	0.127	noname
560	1643983123356	-0.194	9.94	0.192	noname
561	1643983123361	-0.196	9.945	0.232	noname
562	1643983123365	-0.187	9.943	0.271	noname
563	1643983123370	-0.194	9.952	0.278	noname
564	1643983123374	-0.179	9.916	0.345	noname
565	1643983123379	-0.182	9.928	0.352	noname
566	1643983123384	-0.17	9.928	0.359	noname
567	1643983123390	-0.127	9.936	0.376	noname
568	1643983123394	-0.12	9.936	0.386	noname
569	1643983123399	-0.072	9.976	0.345	noname
570	1643983123404	-0.093	9.919	0.285	noname
571	1643983123409	-0.115	9.938	0.23	noname
572	1643983123412	-0.124	9.945	0.177	noname
573	1643983123418	-0.136	9.936	0.12	noname
574	1643983123423	-0.131	9.974	0.046	noname
575	1643983123428	-0.155	9.971	-0.014	noname
576	1643983123432	-0.131	9.971	-0.064	noname
577	1643983123437	-0.155	9.981	-0.086	noname
578	1643983123442	-0.134	9.967	-0.131	noname
579	1643983123446	-0.143	9.976	-0.146	noname
580	1643983123451	-0.165	9.986	-0.143	noname
581	1643983123456	-0.167	9.971	-0.158	noname
582	1643983123461	-0.165	9.979	-0.141	noname
583	1643983123465	-0.16	9.983	-0.122	noname
584	1643983123470	-0.17	9.976	-0.098	noname
585	1643983123474	-0.167	9.967	-0.093	noname
586	1643983123480	-0.148	9.974	-0.074	noname
587	1643983123484	-0.105	9.96	-0.055	noname
588	1643983123489	-0.105	9.96	-0.05	noname
589	1643983123494	-0.088	9.955	-0.04	noname
590	1643983123499	-0.062	9.976	-0.031	noname
591	1643983123504	-0.048	9.981	-0.012	noname
592	1643983123508	-0.048	9.957	-0.014	noname
593	1643983123512	-0.024	9.971	0.036	noname
594	1643983123517	-0.057	9.967	0.072	noname
595	1643983123522	-0.021	9.94	0.096	noname
596	1643983123526	0.007	9.979	0.098	noname
597	1643983123532	0.048	9.95	0.103	noname
598	1643983123537	0.043	9.962	0.07	noname
599	1643983123542	0.07	9.962	0.098	noname
600	1643983123546	0.093	9.964	0.089	noname
601	1643983123551	0.12	9.964	0.072	noname
602	1643983123555	0.117	9.957	0.084	noname
603	1643983123561	0.101	9.952	0.082	noname
604	1643983123565	0.113	9.952	0.087	noname
605	1643983123570	0.141	9.957	0.125	noname
606	1643983123574	0.141	9.943	0.125	noname
607	1643983123579	0.144	9.962	0.075	noname
608	1643983123584	0.168	9.955	0.077	noname
609	1643983123589	0.158	9.969	0.065	noname
610	1643983123593	0.158	9.962	0.043	noname
611	1643983123598	0.16	9.976	0.055	noname
612	1643983123602	0.16	9.962	0.034	noname
613	1643983123607	0.144	9.96	0.041	noname
614	1643983123612	0.156	9.945	0.058	noname
615	1643983123617	0.175	9.964	0.041	noname
616	1643983123623	0.177	9.957	0.024	noname
617	1643983123626	0.141	9.976	0.022	noname
618	1643983123632	0.146	9.962	0.041	noname
619	1643983123635	0.115	9.94	0.02	noname
620	1643983123640	0.077	9.962	-0.012	noname
621	1643983123657	0.081	9.971	0.015	noname
622	1643983123658	0.079	9.971	0.02	noname
623	1643983123659	0.074	9.95	0.02	noname
624	1643983123660	0.07	9.95	0.01	noname
625	1643983123665	0.084	9.957	-0.016	noname
626	1643983123668	0.101	9.967	-0.009	noname
627	1643983123672	0.089	9.96	-0.038	noname
628	1643983123676	0.055	9.957	-0.014	noname
629	1643983123681	0.113	9.955	-0.026	noname
630	1643983123686	0.103	9.976	-0.043	noname
631	1643983123691	0.122	9.971	-0.04	noname
632	1643983123697	0.129	9.962	-0.024	noname
633	1643983123701	0.132	9.962	-0.016	noname
634	1643983123706	0.137	9.96	-0.009	noname
635	1643983123712	0.144	9.96	0.017	noname
636	1643983123714	0.16	9.969	0.024	noname
637	1643983123718	0.148	9.943	0.058	noname
638	1643983123723	0.137	9.945	0.07	noname
639	1643983123728	0.122	9.919	0.12	noname
640	1643983123735	0.072	9.94	0.144	noname
641	1643983123739	0.065	9.945	0.173	noname
642	1643983123744	0.041	9.931	0.163	noname
643	1643983123748	0.012	9.957	0.146	noname
644	1643983123753	0.046	9.926	0.134	noname
645	1643983123758	0.029	9.957	0.084	noname
646	1643983123763	0.022	9.967	0.06	noname
647	1643983123768	-0.002	9.971	0.048	noname
648	1643983123773	-0.031	9.952	0.02	noname
649	1643983123777	-0.038	9.95	0.034	noname
650	1643983123781	-0.048	9.957	0.06	noname
651	1643983123786	-0.067	9.95	0.098	noname
652	1643983123795	-0.105	9.95	0.098	noname
653	1643983123796	-0.091	9.962	0.108	noname
654	1643983123801	-0.103	9.938	0.065	noname
655	1643983123806	-0.098	9.95	0.01	noname
656	1643983123813	-0.081	9.971	-0.036	noname
657	1643983123815	-0.062	9.988	-0.1	noname
658	1643983123822	-0.043	9.983	-0.114	noname
659	1643983123825	-0.069	9.998	-0.124	noname
660	1643983123830	-0.091	9.979	-0.074	noname
661	1643983123835	-0.096	9.983	-0.057	noname
662	1643983123839	-0.127	9.967	-0.026	noname
663	1643983123844	-0.105	9.955	0.039	noname
664	1643983123849	-0.12	9.979	0.067	noname
665	1643983123853	-0.127	9.957	0.075	noname
666	1643983123859	-0.122	9.952	0.075	noname
667	1643983123863	-0.081	9.96	0.048	noname
668	1643983123868	-0.086	9.974	0.005	noname
669	1643983123873	-0.081	9.981	0.003	noname
670	1643983123877	-0.076	9.983	-0.007	noname
671	1643983123882	-0.091	9.95	-0.012	noname
672	1643983123887	-0.127	9.957	0.01	noname
673	1643983123892	-0.134	9.981	0.051	noname
674	1643983123896	-0.12	9.971	0.122	noname
675	1643983123900	-0.11	9.936	0.11	noname
676	1643983123905	-0.098	9.96	0.094	noname
677	1643983123910	-0.103	9.957	0.063	noname
678	1643983123914	-0.103	9.962	0.055	noname
679	1643983123918	-0.093	9.964	0.012	noname
680	1643983123924	-0.096	9.962	-0.007	noname
681	1643983123929	-0.105	9.957	0.017	noname
682	1643983123935	-0.105	9.955	0.015	noname
683	1643983123939	-0.1	9.938	0.055	noname
684	1643983123943	-0.12	9.957	0.041	noname
685	1643983123948	-0.1	9.948	0.048	noname
686	1643983123953	-0.091	9.96	0.02	noname
687	1643983123958	-0.067	9.974	0.015	noname
688	1643983123964	-0.105	9.957	-0.012	noname
689	1643983123967	-0.115	9.964	-0.028	noname
690	1643983123972	-0.139	9.969	-0.033	noname
691	1643983123977	-0.112	9.948	-0.024	noname
692	1643983123981	-0.129	9.974	-0.024	noname
693	1643983123987	-0.122	9.974	0.005	noname
694	1643983123992	-0.093	9.96	0.027	noname
695	1643983123995	-0.098	9.943	0.034	noname
696	1643983124000	-0.105	9.962	0.024	noname
697	1643983124005	-0.081	9.979	0.048	noname
698	1643983124010	-0.088	9.969	0.043	noname
699	1643983124015	-0.12	9.936	0.036	noname
700	1643983124019	-0.131	9.945	0.02	noname
701	1643983124024	-0.122	9.967	0.036	noname
702	1643983124029	-0.139	9.991	0.031	noname
703	1643983124033	-0.081	9.971	0.039	noname
704	1643983124038	-0.064	9.976	0.022	noname
705	1643983124043	-0.06	9.971	0.043	noname
706	1643983124048	-0.029	9.962	0.024	noname
707	1643983124053	-0.038	9.95	0.046	noname
708	1643983124058	-0.072	9.974	0.027	noname
709	1643983124063	-0.076	9.964	-0.004	noname
710	1643983124067	-0.084	9.964	-0.002	noname
711	1643983124073	-0.06	9.964	-0.026	noname
712	1643983124077	-0.036	9.95	-0.04	noname
713	1643983124081	0.012	9.981	-0.043	noname
714	1643983124085	0.034	9.945	-0.038	noname
715	1643983124091	0.024	9.962	-0.036	noname
716	1643983124095	0.038	9.952	0	noname
717	1643983124100	0.046	9.948	0.017	noname
718	1643983124104	0.041	9.943	0.027	noname
719	1643983124109	0.024	9.952	0.058	noname
720	1643983124114	0.043	9.938	0.072	noname
721	1643983124120	0.034	9.962	0.053	noname
722	1643983124124	0.053	9.948	0.046	noname
723	1643983124129	0.05	9.94	0.041	noname
724	1643983124133	0.043	9.943	0.075	noname
725	1643983124138	0.031	9.955	0.089	noname
726	1643983124143	0.029	9.967	0.075	noname
727	1643983124148	0.019	9.96	0.048	noname
728	1643983124152	0.041	9.962	0.079	noname
729	1643983124156	0.038	9.955	0.058	noname
730	1643983124162	0.05	9.976	0.072	noname
731	1643983124166	0.06	9.943	0.077	noname
732	1643983124171	0.053	9.95	0.046	noname
733	1643983124176	0.048	9.936	0.053	noname
734	1643983124180	0.038	9.948	0.07	noname
735	1643983124185	0.048	9.938	0.065	noname
736	1643983124190	0.072	9.955	0.043	noname
737	1643983124195	0.065	9.96	0.012	noname
738	1643983124199	0.084	9.967	0.01	noname
739	1643983124204	0.089	9.976	-0.019	noname
740	1643983124209	0.043	9.94	-0.059	noname
741	1643983124213	0.046	9.952	-0.059	noname
742	1643983124219	0.06	9.964	-0.083	noname
743	1643983124223	0.074	9.962	-0.081	noname
744	1643983124228	0.096	9.979	-0.045	noname
745	1643983124233	0.079	9.969	-0.043	noname
746	1643983124237	0.065	9.94	-0.026	noname
747	1643983124242	0.031	9.955	-0.004	noname
748	1643983124247	0.005	9.967	-0.002	noname
749	1643983124252	-0.021	9.96	0.01	noname
750	1643983124256	-0.05	9.969	-0.026	noname
751	1643983124260	-0.033	9.969	-0.047	noname
752	1643983124265	-0.033	9.96	0.008	noname
753	1643983124269	-0.019	9.969	0.012	noname
754	1643983124274	-0.029	9.952	0.058	noname
755	1643983124279	-0.024	9.957	0.094	noname
756	1643983124285	-0.024	9.943	0.13	noname
757	1643983124290	-0.045	9.94	0.18	noname
758	1643983124295	-0.055	9.955	0.161	noname
759	1643983124299	-0.002	9.964	0.139	noname
760	1643983124304	-0.012	9.967	0.106	noname
761	1643983124308	0	9.983	0.063	noname
762	1643983124313	0.077	9.983	0.027	noname
763	1643983124318	0.074	9.974	-0.021	noname
764	1643983124322	0.103	9.969	-0.031	noname
765	1643983124327	0.113	9.976	-0.016	noname
766	1643983124332	0.093	9.967	-0.021	noname
767	1643983124337	0.091	9.976	-0.007	noname
768	1643983124342	0.074	9.967	0.012	noname
769	1643983124346	0.105	9.943	0.036	noname
770	1643983124352	0.101	9.95	0.034	noname
771	1643983124356	0.093	9.957	0.02	noname
772	1643983124360	0.093	9.952	0.065	noname
773	1643983124365	0.081	9.96	0.053	noname
774	1643983124370	0.029	9.938	0.087	noname
775	1643983124375	0.031	9.943	0.079	noname
776	1643983124380	0.029	9.957	0.07	noname
777	1643983124384	0.022	9.95	0.053	noname
778	1643983124389	-0.002	9.976	0.084	noname
779	1643983124393	-0.017	9.974	0.07	noname
780	1643983124398	-0.031	9.945	0.063	noname
781	1643983124404	-0.053	9.969	0.072	noname
782	1643983124408	-0.072	9.979	0.098	noname
783	1643983124412	-0.069	9.971	0.108	noname
784	1643983124417	-0.069	9.991	0.108	noname
785	1643983124422	-0.072	9.971	0.098	noname
786	1643983124427	-0.086	9.957	0.072	noname
787	1643983124432	-0.084	9.979	0.07	noname
788	1643983124436	-0.1	9.964	0.067	noname
789	1643983124441	-0.093	9.95	0.036	noname
790	1643983124445	-0.096	9.943	0.008	noname
791	1643983124451	-0.091	9.952	0	noname
792	1643983124455	-0.074	9.957	-0.024	noname
793	1643983124459	-0.208	9.493	0.321	noname
794	1643983124465	-1.409	11.113	-4.295	noname
795	1643983124469	0.007	10.259	0.137	noname
796	1643983124475	-1.689	9.723	-0.883	noname
797	1643983124481	-0.239	9.955	-0.205	noname
798	1643983124482	-1.156	10.05	-0.634	noname
799	1643983124485	-0.55	9.818	0.8	noname
800	1643983124490	-1.337	9.971	0.182	noname
801	1643983124495	-0.806	9.648	0.474	noname
802	1643983124500	-0.572	9.787	0.611	noname
803	1643983124504	-0.323	10.07	0.453	noname
804	1643983124509	-0.189	9.864	0.735	noname
805	1643983124514	0.335	9.924	0.673	noname
806	1643983124518	0.412	9.921	0.67	noname
807	1643983124523	0.483	9.916	0.855	noname
808	1643983124528	0.622	10.082	0.723	noname
809	1643983124533	0.658	9.933	0.644	noname
810	1643983124537	0.505	9.993	0.584	noname
811	1643983124542	0.146	9.857	0.824	noname
812	1643983124547	0.371	9.928	0.773	noname
813	1643983124551	0.184	10.031	0.319	noname
814	1643983124556	0.189	9.869	0.553	noname
815	1643983124561	0.06	9.933	0.304	noname
